Event URL,Program Name,Day of Week,Start Date,End Date,Time,Location,Address,Area,Language,Audience,Subjects
https://booking.biblioottawalibrary.ca/en/event/docu-dimanche-sunday-documentary,Docu-dimanche | Sunday Documentary,Sunday,4-May-25,4-May-25,14:00,Cumberland,1599 Tenth Line,East - Orleans,Bilingual,"Adult, Adults 50-plus, Teen","Culture and Communities, Film and Movie Showing"
https://booking.biblioottawalibrary.ca/en/event/family-storytime-contes-en-famille-244,Family Storytime,Monday,5-May-25,23-Jun-25,9:30,Rockcliffe Park,380 Springfield,East - Vanier,English,Family,Family storytime
https://booking.biblioottawalibrary.ca/en/event/toddlertime-march-may,Toddlertime (March-May),Monday,5-May-25,12-May-25,10:00,Cumberland,1599 Tenth Line,East - Orleans,English,"Child, Preschool, Toddler",Toddlertime
https://booking.biblioottawalibrary.ca/en/event/employment-support-1,Employment Support,Monday,5-May-25,29-Dec-25,10:00,Nepean Centrepointe,101 Centrepointe,West - Nepean,English,"Adult, Newcomers",Jobs and careers
https://booking.biblioottawalibrary.ca/en/event/morning-fun-and-games-adults-une-matin%C3%A9e-de-jeux-et-de-plaisir-pour-adultes,A Morning of Fun and Games for Adults! Une matinée de jeux et de plaisir pour adultes!,Monday,5-May-25,30-Jun-25,10:00,Blackburn Hamlet,199 Glen Park,East - Orleans,Bilingual,Adult,Hobbies and Interests
https://booking.biblioottawalibrary.ca/en/event/family-storytime-monday-and-wednesday,Family Storytime - Monday and Wednesday,Monday,5-May-25,4-Jun-25,10:15,Sunnyside,1049 Bank,South - Alta Vista,English,"Family, Preschool, Toddler",Storytime
https://booking.biblioottawalibrary.ca/en/event/family-storytime-692,Family Storytime,Monday,5-May-25,12-May-25,10:30,Greely,1448 Meadow Drive,South - Greely,English,Family,Family storytime
https://booking.biblioottawalibrary.ca/en/event/family-storytime-672,Family Storytime,Monday,5-May-25,15-Dec-25,10:30,St-Laurent,515 Côté,East - Vanier,English,Child,Family storytime
https://booking.biblioottawalibrary.ca/en/event/toddlertime-drop-activity,Toddlertime & Drop-In Activity,Monday,5-May-25,23-Jun-25,10:30,Ruth E. Dickinson,100 Malvern,West - Barrhaven,English,Toddler,Toddlertime
https://booking.biblioottawalibrary.ca/en/event/babytime-b%C3%A9b%C3%A9s-%C3%A0-la-biblio-256,Babytime | Bébés à la biblio,Monday,5-May-25,12-May-25,10:30,Main,120 Metcalfe,Central,Bilingual,Baby,Babytime
https://booking.biblioottawalibrary.ca/en/event/monday-morning-family-storytime-stay-and-play-0,Monday Morning Family Storytime & Stay and Play,Monday,5-May-25,12-May-25,10:30,Nepean Centrepointe,101 Centrepointe,West - Nepean,English,Family,Family storytime
https://booking.biblioottawalibrary.ca/en/event/family-storytime-687,Family storytime,Monday,5-May-25,12-May-25,10:30,Greenboro,363 Lorry Greenberg,South - Alta Vista,English,"Family, Preschool",Family storytime
https://booking.biblioottawalibrary.ca/en/event/babytime-289,Babytime,Monday,5-May-25,12-May-25,11:30,Greenboro,363 Lorry Greenberg,South - Alta Vista,English,Baby,Babytime
https://booking.biblioottawalibrary.ca/en/event/groupe-de-conversation-en-fran%C3%A7ais-french-conversation-group-40,Groupe de conversation en français,Monday,5-May-25,30-Jun-25,12:30,Main,120 Metcalfe,Central,Français,Adult,Language learning
https://booking.biblioottawalibrary.ca/en/event/english-conversation-groups-groupes-de-conversation-en-anglais-0,English Conversation Groups | Groupes de conversation en anglais,Monday,5-May-25,24-Jun-25,13:00,Alta Vista,2516 Alta Vista,South - Alta Vista,English,Adult,Language learning
https://booking.biblioottawalibrary.ca/en/event/crafternoon-36,Crafternoon,Monday,5-May-25,16-Jun-25,13:00,Rockcliffe Park,380 Springfield,East - Vanier,Bilingual,Adults 50-plus,Arts and Crafts
https://booking.biblioottawalibrary.ca/en/event/homeschool-happenings-mon-%C3%A9cole-maison-%C3%A0-la-biblio-1,Homeschool Happenings,Monday,5-May-25,2-Jun-25,13:00,Sunnyside,1049 Bank,South - Alta Vista,Bilingual,"Child, Family",Games and Gaming
https://booking.biblioottawalibrary.ca/en/event/afternoon-fun-and-games-adults-une-apr%C3%A8s-midi-de-jeux-et-de-plaisir-pour-adultes,An Afternoon of Fun and Games for Adults! Une après-midi de jeux et de plaisir pour adultes!,Monday,5-May-25,30-Jun-25,13:30,Orléans,1705 Orléans,East - Orleans,Bilingual,Adult,Hobbies and Interests
https://booking.biblioottawalibrary.ca/en/event/genealogy-drop-carlingwood%E2%80%8B-library,Genealogy Drop-in at the Carlingwood​ Library,Monday,5-May-25,5-May-25,13:30,Carlingwood,281 Woodroffe,West - Nepean,English,"Adult, Adults 50-plus",History and Genealogy
https://booking.biblioottawalibrary.ca/en/event/english-conversation-groupgroupe-de-conversation-en-anglais-1,English Conversation group,Monday,5-May-25,30-Jun-25,13:30,Cumberland,1599 Tenth Line,East - Orleans,English,Adult,Language learning
https://booking.biblioottawalibrary.ca/en/event/english-conversation-groupgroupe-de-conversation-en-anglais-1,English Conversation group,Monday,5-May-25,30-Jun-25,13:30,Cumberland,1599 Tenth Line,East - Orleans,English,Adult,Language learning
https://booking.biblioottawalibrary.ca/en/event/mon-%C3%A9cole-maison-%C3%A0-la-biblio%E2%80%8B-homeschool-happenings,Mon école-maison à la biblio​,Monday,5-May-25,5-May-25,13:30,North Gloucester,2036 Ogilvie,East - Vanier,Bilingual,"Child, Family","Arts and Crafts, Games and Gaming, Hobbies and Interests"
https://booking.biblioottawalibrary.ca/en/event/libby-cantook-and-cloudlibrary-e-book-clinic,"Libby, Cantook and CloudLibrary E-book Clinic",Monday,5-May-25,26-May-25,14:00,Greenboro,363 Lorry Greenberg,South - Alta Vista,English,"Adult, Adults 50-plus, Newcomers",Computers and technology
https://booking.biblioottawalibrary.ca/en/event/babytime-292,Babytime,Monday,5-May-25,12-May-25,14:00,Greely,1448 Meadow Drive,South - Greely,English,Baby,Babytime
https://booking.biblioottawalibrary.ca/en/event/toddlertime-tout-petits-%C3%A0-la-biblio-25,Toddlertime,Monday,5-May-25,12-May-25,14:30,Elmvale Acres,1910 St-Laurent,South - Alta Vista,Bilingual,Toddler,Toddlertime
https://booking.biblioottawalibrary.ca/en/event/chatty-caf%C3%A9,Chatty Café,Monday,5-May-25,26-May-25,14:30,Rosemount,18 Rosemount,West - Nepean,English,"Adult, Adults 50-plus","Culture and Communities, Hobbies and Interests, Social Connections"
https://booking.biblioottawalibrary.ca/en/event/bh-technology-question-answer-sessions-0,BH Technology - Question & Answer Sessions,Monday,5-May-25,26-May-25,15:00,Blackburn Hamlet,199 Glen Park,East - Orleans,Bilingual,"Adult, Adults 50-plus",Computers and technology
https://booking.biblioottawalibrary.ca/en/event/stay-play-jouons-%C3%A0-la-biblio-24,Stay & Play,Monday,5-May-25,12-May-25,15:00,Elmvale Acres,1910 St-Laurent,South - Alta Vista,Bilingual,Toddler,Toddlertime
https://booking.biblioottawalibrary.ca/en/event/youth-scrabble-ages-10,Youth Scrabble (ages 10+),Monday,5-May-25,26-May-25,16:30,Ruth E. Dickinson,100 Malvern,West - Barrhaven,English,"Child, Teen",Games and Gaming
https://booking.biblioottawalibrary.ca/en/event/reading-buddies-april-may-session,Reading Buddies (April-May session),Monday,5-May-25,12-May-25,17:15,Ruth E. Dickinson,100 Malvern,West - Barrhaven,English,Child,"Homework and Reading Support, Kids"
https://booking.biblioottawalibrary.ca/en/event/family-game-night%C2%A0,Family Game Night,Monday,5-May-25,5-May-25,17:30,Beaverbrook,2500 Campeau,West - Kanata,English,"Child, Family",Games and Gaming
https://booking.biblioottawalibrary.ca/en/event/introduction-dungeons-and-dragons-adults,Introduction to Dungeons and Dragons for adults,Monday,5-May-25,16-Jun-25,17:30,Carlingwood,281 Woodroffe,West - Nepean,English,Adult,Games and Gaming
https://booking.biblioottawalibrary.ca/en/event/groupe-de-conversation-en-anglais-de-blackburn-hamlet-blackburn-hamlet-english-conversation-1,Groupe de conversation en anglais de Blackburn Hamlet,Monday,5-May-25,26-May-25,18:00,Blackburn Hamlet,199 Glen Park,East - Orleans,Bilingual,"Adult, Newcomers",Language learning
https://booking.biblioottawalibrary.ca/en/event/chess-club-club-d%C3%A9checs-0,Chess club,Monday,5-May-25,12-May-25,18:00,Greenboro,363 Lorry Greenberg,South - Alta Vista,Bilingual,Child,Games and Gaming
https://booking.biblioottawalibrary.ca/en/event/how-secure-home-wireless-network-29,How to Secure a Home Wireless Network,Monday,5-May-25,5-May-25,18:00,Richmond,6240 Perth Street,West - Richmond,English,"Adult, Adults 50-plus",Computers and technology
https://booking.biblioottawalibrary.ca/en/event/monday-director-spotlight-lee-chang-dong-green-fish,Monday Director Spotlight - Lee Chang-dong - Green Fish,Monday,5-May-25,5-May-25,18:00,Main,120 Metcalfe,Central,English,Adult,Film and Movie Showing
https://booking.biblioottawalibrary.ca/en/event/its-time-watch-movie,It's Time to Watch a Movie!,Monday,5-May-25,5-May-25,18:00,St-Laurent,515 Côté,East - Vanier,English,Adult,Film and Movie Showing
https://booking.biblioottawalibrary.ca/en/event/sunnyside-writers-group-2,Sunnyside Writers Group,Monday,5-May-25,2-Jun-25,18:00,Sunnyside,1049 Bank,South - Alta Vista,English,"Adult, Adults 50-plus, Teen",Writing and poetry
https://booking.biblioottawalibrary.ca/en/event/homework-help-club-de-devoirs-10,Homework Help,Monday,5-May-25,10-Jun-25,18:30,Ruth E. Dickinson,100 Malvern,West - Barrhaven,Bilingual,Child,Homework and Reading Support
https://booking.biblioottawalibrary.ca/en/event/adult-french-conversation-group-groupe-de-conversation-en-fran%C3%A7ais-pour-adultes,Adult French Conversation Group,Monday,5-May-25,30-Jun-25,18:30,Greenboro,363 Lorry Greenberg,South - Alta Vista,Français,"Adult, Adults 50-plus",Language learning
https://booking.biblioottawalibrary.ca/en/event/starry-night-storytime-3,Starry Night Storytime,Monday,5-May-25,12-May-25,18:30,Nepean Centrepointe,101 Centrepointe,West - Nepean,English,Family,Family storytime
https://booking.biblioottawalibrary.ca/en/event/monday-evening-book-club,Monday Evening Book Club,Monday,5-May-25,2-Jun-25,18:45,Rideau,377 Rideau,Central,English,"Adult, Adults 50-plus",Book Talks
https://booking.biblioottawalibrary.ca/en/event/french-conversation-group-groupe-de-conversation-en-fran%C3%A7ais-2,French Conversation Group,Monday,5-May-25,23-Jun-25,19:00,Ruth E. Dickinson,100 Malvern,West - Barrhaven,Français,Adult,Language learning
https://booking.biblioottawalibrary.ca/en/event/family-storytime-march-may-contes-en-famille-mars-mai,Family Storytime (March-May),Tuesday,6-May-25,13-May-25,10:00,Cumberland,1599 Tenth Line,East - Orleans,Bilingual,"Child, Family, Preschool",Family storytime
https://booking.biblioottawalibrary.ca/en/event/b%C3%A9b%C3%A9s-%C3%A0-la-biblio-mars-mai,Bébés à la biblio (mars-mai),Tuesday,6-May-25,13-May-25,10:00,Cumberland,1599 Tenth Line,East - Orleans,Français,"Baby, Family",Babytime
https://booking.biblioottawalibrary.ca/en/event/orl%C3%A9ans-writing-group-2,Orléans Writing Group,Tuesday,6-May-25,16-Dec-25,10:00,Orléans,1705 Orléans,East - Orleans,English,Adult,Writing and poetry
https://booking.biblioottawalibrary.ca/en/event/homeschool-hangouts,Homeschool Hangouts,Tuesday,6-May-25,24-Jun-25,10:00,Greely,1448 Meadow Drive,South - Greely,English,Family,"Arts and Crafts, Homework and Reading Support, Parenting, Social Connections"
https://booking.biblioottawalibrary.ca/en/event/babytime-spring-session-0,Babytime - Spring Session,Tuesday,6-May-25,13-May-25,10:15,Hazeldean,50 Castlefrank,West - Kanata,English,Baby,Babytime
https://booking.biblioottawalibrary.ca/en/event/groupe-de-conversation-en-fran%C3%A7ais-3,Groupe de conversation en français,Tuesday,6-May-25,16-Dec-25,10:15,Main,120 Metcalfe,Central,Français,Adult,Language learning
https://booking.biblioottawalibrary.ca/en/event/contes-en-famille-mars-mai,Contes en famille (mars - mai),Tuesday,6-May-25,13-May-25,10:15,Orléans,1705 Orléans,East - Orleans,Français,"Child, Family","Family storytime, Kids"
https://booking.biblioottawalibrary.ca/en/event/babytime-b%C3%A9b%C3%A9-%C3%A0-la-biblio-8,Babytime | Bébé à la biblio,Tuesday,6-May-25,13-May-25,10:15,Elmvale Acres,1910 St-Laurent,South - Alta Vista,Bilingual,Family,Babytime
https://booking.biblioottawalibrary.ca/en/event/toddlertime-tuesday-session-7,Toddlertime (Tuesday session),Tuesday,6-May-25,13-May-25,10:15,Beaverbrook,2500 Campeau,West - Kanata,English,Toddler,Toddlertime
https://booking.biblioottawalibrary.ca/en/event/bilingual-family-storytime-contes-en-famille-bilingue-81,Bilingual Family Storytime,Tuesday,6-May-25,27-May-25,10:30,Rideau,377 Rideau,Central,Bilingual,"Family, Preschool, Toddler",Family storytime
https://booking.biblioottawalibrary.ca/en/event/babytime-play-and-stay-0,Babytime with a Play and Stay,Tuesday,6-May-25,13-May-25,10:30,Emerald Plaza,1547 Merivale,West - Nepean,English,Baby,Babytime
https://booking.biblioottawalibrary.ca/en/event/family-storytime-and-stay-play-4,Family Storytime and Stay & Play,Tuesday,6-May-25,13-May-25,10:30,Constance Bay,262 Len Purcell,West - Constance Bay,English,"Child, Toddler","Family storytime, Storytime"
https://booking.biblioottawalibrary.ca/en/event/family-storytime-697,Family Storytime,Tuesday,6-May-25,13-May-25,10:30,Vernon,8682 Bank,South - Vernon,English,Family,Storytime
https://booking.biblioottawalibrary.ca/en/event/tuesday-morning-toddlertime-6,Tuesday Morning Toddlertime,Tuesday,6-May-25,13-May-25,10:30,Nepean Centrepointe,101 Centrepointe,West - Nepean,English,Toddler,Toddlertime
https://booking.biblioottawalibrary.ca/en/event/family-storytime-vanier-contes-et-chansons-en-familles-%C3%A0-vanier-0,Family Storytime at Vanier,Tuesday,6-May-25,24-Jun-25,10:30,Vanier,310 Pères Blancs,East - Vanier,Bilingual,"Baby, Family, Toddler","Storytime, Toddlertime"
https://booking.biblioottawalibrary.ca/en/event/storytime-and-stay-play-1,Storytime and Stay & Play,Tuesday,6-May-25,13-May-25,10:30,Richmond,6240 Perth Street,West - Richmond,English,Family,Family storytime
https://booking.biblioottawalibrary.ca/en/event/babytime-b%C3%A9b%C3%A9s-%C3%A0-la-biblio-242,Babytime | Bébés à la biblio,Tuesday,6-May-25,16-Dec-25,10:30,St-Laurent,515 Côté,East - Vanier,Bilingual,Baby,Babytime
https://booking.biblioottawalibrary.ca/en/event/babytime-291,Babytime,Tuesday,6-May-25,13-May-25,10:30,Carlingwood,281 Woodroffe,West - Nepean,English,Baby,Babytime
https://booking.biblioottawalibrary.ca/en/event/bilingual-family-storytime-contes-en-famille-bilingue-81,Bilingual Family Storytime,Tuesday,6-May-25,27-May-25,10:30,Rideau,377 Rideau,Central,Bilingual,"Family, Preschool, Toddler",Family storytime
https://booking.biblioottawalibrary.ca/en/event/babytime-play-and-stay-0,Babytime with a Play and Stay,Tuesday,6-May-25,13-May-25,10:30,Emerald Plaza,1547 Merivale,West - Nepean,English,Baby,Babytime
https://booking.biblioottawalibrary.ca/en/event/family-storytime-and-stay-play-4,Family Storytime and Stay & Play,Tuesday,6-May-25,13-May-25,10:30,Constance Bay,262 Len Purcell,West - Constance Bay,English,"Child, Toddler","Family storytime, Storytime"
https://booking.biblioottawalibrary.ca/en/event/family-storytime-697,Family Storytime,Tuesday,6-May-25,13-May-25,10:30,Vernon,8682 Bank,South - Vernon,English,Family,Storytime
https://booking.biblioottawalibrary.ca/en/event/tuesday-morning-toddlertime-6,Tuesday Morning Toddlertime,Tuesday,6-May-25,13-May-25,10:30,Nepean Centrepointe,101 Centrepointe,West - Nepean,English,Toddler,Toddlertime
https://booking.biblioottawalibrary.ca/en/event/family-storytime-vanier-contes-et-chansons-en-familles-%C3%A0-vanier-0,Family Storytime at Vanier,Tuesday,6-May-25,24-Jun-25,10:30,Vanier,310 Pères Blancs,East - Vanier,Bilingual,"Baby, Family, Toddler","Storytime, Toddlertime"
https://booking.biblioottawalibrary.ca/en/event/stay-play-jouons-%C3%A0-la-biblio-21,Stay & Play,Tuesday,6-May-25,14-May-25,11:00,Elmvale Acres,1910 St-Laurent,South - Alta Vista,Bilingual,Family,Games and Gaming
https://booking.biblioottawalibrary.ca/en/event/babytime-tuesday-session-4,Babytime (Tuesday session),Tuesday,6-May-25,13-May-25,11:00,Beaverbrook,2500 Campeau,West - Kanata,English,Baby,Babytime
https://booking.biblioottawalibrary.ca/en/event/babytime-stay-and-play-tuesday-session-1,Babytime Stay and Play (Tuesday session),Tuesday,6-May-25,13-May-25,11:30,Beaverbrook,2500 Campeau,West - Kanata,English,Baby,Hobbies and Interests
https://booking.biblioottawalibrary.ca/en/event/foodwise-session-2-creative-ways-reuse-food,FoodWise Session 2: Creative Ways to Reuse Food,Tuesday,6-May-25,6-May-25,13:00,Greenboro,363 Lorry Greenberg,South - Alta Vista,English,"Adult, Newcomers, Teen",Food Literacy and Cooking
https://booking.biblioottawalibrary.ca/en/event/greenbelt-esl-conversation-group,Greenbelt ESL Conversation Group,Tuesday,6-May-25,17-Jun-25,13:00,North Gloucester,2036 Ogilvie,East - Vanier,English,"Adult, Newcomers",Language learning
https://booking.biblioottawalibrary.ca/en/event/parenting-ottawa-drop-4,Parenting in Ottawa Drop-in,Tuesday,6-May-25,24-Jun-25,13:00,Ruth E. Dickinson,100 Malvern,West - Barrhaven,English,"Adult, Baby, Family",Parenting
https://booking.biblioottawalibrary.ca/en/event/knitting-and-crochet-club-groupe-de-tricot-et-crochet-1,Knitting and Crochet Club,Tuesday,6-May-25,24-Jun-25,13:00,St-Laurent,515 Côté,East - Vanier,Bilingual,"Adult, Teen",Hobbies and Interests
https://booking.biblioottawalibrary.ca/en/event/rockcliffe-park-adult-bookclub,Rockcliffe Park Adult Bookclub,Tuesday,6-May-25,3-Jun-25,13:30,Rockcliffe Park,380 Springfield,East - Vanier,English,Adult,Book Talks
https://booking.biblioottawalibrary.ca/en/event/babytime-march-may%C2%A0%C2%A0b%C3%A9b%C3%A9s-%C3%A0-la-biblio-mars-mai,Babytime (March - May),Tuesday,6-May-25,13-May-25,13:30,Orléans,1705 Orléans,East - Orleans,Bilingual,Baby,Babytime
https://booking.biblioottawalibrary.ca/en/event/tuesday-afternoon-babytime-2,Tuesday Afternoon Babytime,Tuesday,6-May-25,13-May-25,14:00,Rosemount,18 Rosemount,West - Nepean,English,Baby,Babytime
https://booking.biblioottawalibrary.ca/en/event/genealogy-drop-1,Genealogy Drop-In,Tuesday,6-May-25,30-Dec-25,14:00,Nepean Centrepointe,101 Centrepointe,West - Nepean,English,"Adult, Adults 50-plus",History and Genealogy
https://booking.biblioottawalibrary.ca/en/event/crafternoon-37,Crafternoon,Tuesday,6-May-25,24-Jun-25,14:00,Centennial,3870 Old Richmond,West - Nepean,English,Adult,Arts and Crafts
https://booking.biblioottawalibrary.ca/en/event/richmond-mystery-bookclub-3,Richmond Mystery  Bookclub,Tuesday,6-May-25,3-Jun-25,14:00,Richmond,6240 Perth Street,West - Richmond,English,Adult,Book Clubs
https://booking.biblioottawalibrary.ca/en/event/babytime-b%C3%A9b%C3%A9s-%C3%A0-la-biblio-sunnyside,Babytime,Tuesday,6-May-25,3-Jun-25,14:30,Sunnyside,1049 Bank,South - Alta Vista,Bilingual,Baby,Babytime
https://booking.biblioottawalibrary.ca/en/event/video-game-drop-teens-1,Video Game Drop-In for Teens,Tuesday,6-May-25,10-Jun-25,15:00,Beaverbrook,2500 Campeau,West - Kanata,English,Teen,Games and Gaming
https://booking.biblioottawalibrary.ca/en/event/virtual-reality-gaming-37,Virtual Reality Gaming,Tuesday,6-May-25,3-Jun-25,15:30,Cumberland,1599 Tenth Line,East - Orleans,English,"Adult, Teen",Games and Gaming
https://booking.biblioottawalibrary.ca/en/event/chess-club-d%C3%A9checs,Chess Club D'échecs,Tuesday,6-May-25,24-Jun-25,15:30,Blackburn Hamlet,199 Glen Park,East - Orleans,Bilingual,"Child, Family, Teen","Games and Gaming, Hobbies and Interests, Social Connections"
https://booking.biblioottawalibrary.ca/en/event/read-loud-circle-ages-8-12,Read-a-loud Circle (ages 8-12),Tuesday,6-May-25,13-May-25,16:00,Alta Vista,2516 Alta Vista,South - Alta Vista,English,Child,Language learning
https://booking.biblioottawalibrary.ca/en/event/reading-buddies-7,Reading Buddies,Tuesday,6-May-25,27-May-25,16:15,Nepean Centrepointe,101 Centrepointe,West - Nepean,English,Child,"Homework and Reading Support, Kids"
https://booking.biblioottawalibrary.ca/en/event/reading-buddies-4,Reading Buddies,Tuesday,6-May-25,13-May-25,17:00,Rosemount,18 Rosemount,West - Nepean,English,Child,"Homework and Reading Support, Kids"
https://booking.biblioottawalibrary.ca/en/event/homework-help-aide-aux-devoirs-0,Homework Help,Tuesday,6-May-25,10-Jun-25,17:00,Orléans,1705 Orléans,East - Orleans,Bilingual,Child,Homework and Reading Support
https://booking.biblioottawalibrary.ca/en/event/greely-new-neighbour-information-drop,Greely New Neighbour Information Drop-in,Tuesday,6-May-25,6-May-25,17:30,Greely,1448 Meadow Drive,South - Greely,English,Adult,Social Connections
https://booking.biblioottawalibrary.ca/en/event/tuesday-english-conversation-group-3,Tuesday English Conversation Group,Tuesday,6-May-25,24-Jun-25,18:00,Ruth E. Dickinson,100 Malvern,West - Barrhaven,English,"Adult, Adults 50-plus, Newcomers",Language learning
https://booking.biblioottawalibrary.ca/en/event/french-conversation-group-groupe-de-conversation-en-fran%C3%A7ais-0,French Conversation Group - Groupe de conversation en français,Tuesday,6-May-25,24-Jun-25,18:00,Rosemount,18 Rosemount,West - Nepean,Français,Adult,Language learning
https://booking.biblioottawalibrary.ca/en/event/coloring-mind-adult-coloring-clubart-th%C3%A9rapie-club-de-coloriage-pour-adultes-0,Coloring For the Mind - Adult Coloring Club,Tuesday,6-May-25,24-Jun-25,18:00,Cumberland,1599 Tenth Line,East - Orleans,Bilingual,Adult,Arts and Crafts
https://booking.biblioottawalibrary.ca/en/event/themed-movie-tuesdays-frances-ha,Themed Movie Tuesdays: Frances Ha,Tuesday,6-May-25,6-May-25,18:00,Main,120 Metcalfe,Central,English,Adult,Film and Movie Showing
https://booking.biblioottawalibrary.ca/en/event/tuesday-english-conversation-group-3,Tuesday English Conversation Group,Tuesday,6-May-25,24-Jun-25,18:00,Ruth E. Dickinson,100 Malvern,West - Barrhaven,English,"Adult, Adults 50-plus, Newcomers",Language learning
https://booking.biblioottawalibrary.ca/en/event/quick-tips-how-use-free-ai-tools-your-daily-life-refine-web-searches-summarize-text-videos-3,"Quick Tips: How to use Free AI Tools in your Daily Life to Refine Web Searches, Summarize Text & Videos, Create Photos & Songs, and More",Tuesday,6-May-25,6-May-25,18:00,Emerald Plaza,1547 Merivale,West - Nepean,English,"Adult, Adults 50-plus",Computers and technology
https://booking.biblioottawalibrary.ca/en/event/greenboro-knitting-group-groupe-de-tricot-greenboro-14,Greenboro Knitting Group,Tuesday,6-May-25,24-Jun-25,18:15,Greenboro,363 Lorry Greenberg,South - Alta Vista,Bilingual,"Adult, Adults 50-plus, Teen",Hobbies and Interests
https://booking.biblioottawalibrary.ca/en/event/evening-family-storytime-10,Evening Family Storytime,Tuesday,6-May-25,6-May-25,18:15,Hazeldean,50 Castlefrank,West - Kanata,English,Family,Family storytime
https://booking.biblioottawalibrary.ca/en/event/english-conversation-group-6,English Conversation Group,Tuesday,6-May-25,30-Jun-26,18:30,Carlingwood,281 Woodroffe,West - Nepean,English,"Adult, Adults 50-plus",Language learning
https://booking.biblioottawalibrary.ca/en/event/tuesday-english-conversation-group-4,Tuesday English Conversation Group,Tuesday,6-May-25,24-Jun-25,18:30,Nepean Centrepointe,101 Centrepointe,West - Nepean,English,"Adult, Newcomers",Language learning
https://booking.biblioottawalibrary.ca/en/event/dungeons-dragons-16,Dungeons & Dragons,Tuesday,6-May-25,27-May-25,18:30,Ruth E. Dickinson,100 Malvern,West - Barrhaven,English,Teen,Games and Gaming
https://booking.biblioottawalibrary.ca/en/event/knit-wits-tricoth%C3%A9-1,Knit Wits,Tuesday,6-May-25,30-Dec-25,18:30,North Gloucester,2036 Ogilvie,East - Vanier,Bilingual,"Adult, Adults 50-plus, Teen",Hobbies and Interests
https://booking.biblioottawalibrary.ca/en/event/homework-help-aide-aux-devoirs-32,Homework Help | Aide aux devoirs,Tuesday,6-May-25,10-Jun-25,18:30,Elmvale Acres,1910 St-Laurent,South - Alta Vista,Bilingual,"Child, Family",Homework and Reading Support
https://booking.biblioottawalibrary.ca/en/event/groupe-de-conversation-en-fran%C3%A7ais-de-cumberlandcumberland-french-conversation-group,Groupe de conversation en français de Cumberland,Tuesday,6-May-25,24-Jun-25,18:30,Cumberland,1599 Tenth Line,East - Orleans,Français,Adult,Language learning
https://booking.biblioottawalibrary.ca/en/event/groupe-de-conversation-en-fran%C3%A7ais-french-conversation-group-18,Groupe de conversation en français,Tuesday,6-May-25,24-Jun-25,18:30,St-Laurent,515 Côté,East - Vanier,Français,Adult,Language learning
https://booking.biblioottawalibrary.ca/en/event/esl-conversation-group-4,ESL Conversation Group,Tuesday,6-May-25,10-Jun-25,18:45,Sunnyside,1049 Bank,South - Alta Vista,English,"Adult, Newcomers, Teen",Language learning
https://booking.biblioottawalibrary.ca/en/event/mothers-day-craft-night,Mother's Day Craft Night,Tuesday,6-May-25,6-May-25,19:00,Hazeldean,50 Castlefrank,West - Kanata,English,Family,Arts and Crafts
https://booking.biblioottawalibrary.ca/en/event/english-conversation-group-42,English Conversation Group,Tuesday,6-May-25,10-Jun-25,19:00,Beaverbrook,2500 Campeau,West - Kanata,English,"Adult, Newcomers",Language learning
https://booking.biblioottawalibrary.ca/en/event/groupe-de-conversation-en-fran%C3%A7ais-de-cumberlandcumberland-french-conversation-0,Groupe de conversation en français de Cumberland,Wednesday,7-May-25,25-Jun-25,10:00,Cumberland,1599 Tenth Line,East - Orleans,Français,Adult,Language learning
https://booking.biblioottawalibrary.ca/en/event/meet-graphic-novel-author-graham-annable,Meet Graphic Novel author Graham Annable,Wednesday,7-May-25,7-May-25,10:00,Rockcliffe Park,380 Springfield,East - Vanier,English,Child,Author Events
https://booking.biblioottawalibrary.ca/en/event/babytime-march-may,Babytime (March-May),Wednesday,7-May-25,14-May-25,10:00,Cumberland,1599 Tenth Line,East - Orleans,English,"Baby, Child",Babytime
https://booking.biblioottawalibrary.ca/en/event/family-storytime-contes-en-famille-235,Family Storytime,Wednesday,7-May-25,14-May-25,10:15,Beaverbrook,2500 Campeau,West - Kanata,Bilingual,"Child, Family",Family storytime
https://booking.biblioottawalibrary.ca/en/event/english-conversation-group-22,English Conversation Group,Wednesday,7-May-25,17-Dec-25,10:15,Main,120 Metcalfe,Central,English,Adult,Language learning
https://booking.biblioottawalibrary.ca/en/event/toddlertime-spring-session-0,Toddlertime - Spring Session,Wednesday,7-May-25,14-May-25,10:15,Hazeldean,50 Castlefrank,West - Kanata,English,Toddler,Toddlertime
https://booking.biblioottawalibrary.ca/en/event/family-storytime-march-may,Family Storytime (March - May),Wednesday,7-May-25,14-May-25,10:15,Orléans,1705 Orléans,East - Orleans,English,"Child, Family","Family storytime, Kids"
https://booking.biblioottawalibrary.ca/en/event/contes-en-famille-bilingue-bilingual-family-storytime-0,Contes en famille bilingue,Wednesday,7-May-25,14-May-25,10:15,North Gloucester,2036 Ogilvie,East - Vanier,Bilingual,"Family, Preschool, Toddler","Family storytime, Kids, Storytime"
https://booking.biblioottawalibrary.ca/en/event/contes-en-famille-240,Contes en famille,Wednesday,7-May-25,14-May-25,10:30,Greenboro,363 Lorry Greenberg,South - Alta Vista,Français,Toddler,Family storytime
https://booking.biblioottawalibrary.ca/en/event/contes-en-famille-235,Contes en famille,Wednesday,7-May-25,28-May-25,10:30,Ruth E. Dickinson,100 Malvern,West - Barrhaven,Français,Child,"Kids, Storytime"
https://booking.biblioottawalibrary.ca/en/event/family-storytime-conte-en-famille,Family Storytime,Wednesday,7-May-25,14-May-25,10:30,Alta Vista,2516 Alta Vista,South - Alta Vista,Bilingual,Preschool,Family storytime
https://booking.biblioottawalibrary.ca/en/event/family-storytime-stay-and-play-9,Family Storytime & Stay and Play,Wednesday,7-May-25,14-May-25,10:30,Munster,7749 Bleeks,West - Munster,English,Family,Family storytime
https://booking.biblioottawalibrary.ca/en/event/wednesday-english-conversation-group-1,Wednesday English Conversation Group,Wednesday,7-May-25,25-Jun-25,10:30,Nepean Centrepointe,101 Centrepointe,West - Nepean,English,"Adult, Newcomers",Language learning
https://booking.biblioottawalibrary.ca/en/event/family-storytime-699,Family Storytime,Wednesday,7-May-25,14-May-25,10:30,Manotick,5499 South River,West - Manotick,English,"Child, Family, Toddler","Family storytime, Storytime"
https://booking.biblioottawalibrary.ca/en/event/wednesday-english-conversation-group-1,Wednesday English Conversation Group,Wednesday,7-May-25,25-Jun-25,10:30,Nepean Centrepointe,101 Centrepointe,West - Nepean,English,"Adult, Newcomers",Language learning
https://booking.biblioottawalibrary.ca/en/event/wednesday-morning-toddlertime-stay-and-play,Wednesday Morning Toddlertime & Stay and Play,Wednesday,7-May-25,14-May-25,10:30,Nepean Centrepointe,101 Centrepointe,West - Nepean,English,Toddler,Toddlertime
https://booking.biblioottawalibrary.ca/en/event/contes-en-famille-232,Contes en famille,Wednesday,7-May-25,10-Dec-25,10:30,St-Laurent,515 Côté,East - Vanier,Français,Child,Family storytime
https://booking.biblioottawalibrary.ca/en/event/family-storytime-contes-en-famille-233,Family Storytime,Wednesday,7-May-25,7-May-25,10:30,Stittsville,1637 Stittsville Main,West - Stittsville,Bilingual,"Child, Family",Family storytime
https://booking.biblioottawalibrary.ca/en/event/family-storytime-stay-play-7,Family Storytime with a Stay & Play,Wednesday,7-May-25,14-May-25,10:30,Emerald Plaza,1547 Merivale,West - Nepean,English,"Baby, Family, Preschool",Family storytime
https://booking.biblioottawalibrary.ca/en/event/family-storytime-contes-en-famille-mar-maymai,Family Storytime | Contes en famille (Mar - May,Wednesday,7-May-25,14-May-25,10:30,Blackburn Hamlet,199 Glen Park,East - Orleans,Bilingual,"Baby, Family, Toddler",Family storytime
https://booking.biblioottawalibrary.ca/en/event/toddlertime-stay-play-0,Toddlertime with Stay & Play,Wednesday,7-May-25,14-May-25,10:30,Centennial,3870 Old Richmond,West - Nepean,English,Toddler,Toddlertime
https://booking.biblioottawalibrary.ca/en/event/family-stay-and-play-jouons-%C3%A0-la-biblio-6,Family Stay and Play,Wednesday,7-May-25,14-May-25,10:45,Beaverbrook,2500 Campeau,West - Kanata,Bilingual,"Child, Family",Hobbies and Interests
https://booking.biblioottawalibrary.ca/en/event/jouons-%C3%A0-la-biblio-stay-play-8,Jouons à la biblio,Wednesday,7-May-25,28-May-25,11:00,Ruth E. Dickinson,100 Malvern,West - Barrhaven,Bilingual,Child,Kids
https://booking.biblioottawalibrary.ca/en/event/knit-knatter-3,Knit & Knatter,Wednesday,7-May-25,11-Jun-25,12:00,Sunnyside,1049 Bank,South - Alta Vista,English,"Adult, Adults 50-plus, Teen",Hobbies and Interests
https://booking.biblioottawalibrary.ca/en/event/parenting-ottawa-drop-0,Parenting in Ottawa Drop-in,Wednesday,7-May-25,25-Jun-25,13:00,Beaverbrook,2500 Campeau,West - Kanata,English,"Adult, Baby, Family",Parenting
https://booking.biblioottawalibrary.ca/en/event/knitting-and-crochet-club-groupe-de-tricot-et-crochet-0,Knitting and Crochet Club,Wednesday,7-May-25,25-Jun-25,13:00,Orléans,1705 Orléans,East - Orleans,Bilingual,Adult,Hobbies and Interests
https://booking.biblioottawalibrary.ca/en/event/legal-information-clinicclinique-dinformation-juridique-0,Legal Information Clinic,Wednesday,7-May-25,7-May-25,13:00,Ruth E. Dickinson,100 Malvern,West - Barrhaven,English,"Adult, Adults 50-plus, Newcomers","Lectures and discussions, Personal finance, Social services"
https://booking.biblioottawalibrary.ca/en/event/rosemount-knitting-group,Rosemount Knitting Group,Wednesday,7-May-25,25-Jun-25,13:30,Rosemount,18 Rosemount,West - Nepean,English,Adult,Hobbies and Interests
https://booking.biblioottawalibrary.ca/en/event/afternoon-social,Afternoon Social,Wednesday,7-May-25,17-Dec-25,14:00,Nepean Centrepointe,101 Centrepointe,West - Nepean,English,"Adult, Adults 50-plus",Hobbies and Interests
https://booking.biblioottawalibrary.ca/en/event/reading-group-1,Reading Group #1,Wednesday,7-May-25,3-Jun-26,14:00,Carlingwood,281 Woodroffe,West - Nepean,English,"Adult, Adults 50-plus",Book Talks
https://booking.biblioottawalibrary.ca/en/event/babytime-293,Babytime,Wednesday,7-May-25,14-May-25,14:00,Manotick,5499 South River,West - Manotick,English,Baby,Babytime
https://booking.biblioottawalibrary.ca/en/event/groupe-de-conversation-en-fran%C3%A7ais-interm%C3%A9diaire-2,Groupe de conversation en français - intermédiaire,Wednesday,7-May-25,17-Dec-25,14:00,Main,120 Metcalfe,Central,Français,"Adult, Newcomers",Language learning
https://booking.biblioottawalibrary.ca/en/event/babytime-wednesday-session-7,Babytime (Wednesday session),Wednesday,7-May-25,14-May-25,14:00,Beaverbrook,2500 Campeau,West - Kanata,English,Baby,Babytime
https://booking.biblioottawalibrary.ca/en/event/babytime-stay-and-play-wednesday-session-1,Babytime Stay and Play (Wednesday session),Wednesday,7-May-25,14-May-25,14:30,Beaverbrook,2500 Campeau,West - Kanata,English,Baby,Hobbies and Interests
https://booking.biblioottawalibrary.ca/en/event/game-afternoons-les-jeux-en-apr%C3%A8s-midi,Game afternoons,Wednesday,7-May-25,21-May-25,14:30,St-Laurent,515 Côté,East - Vanier,Bilingual,Adult,Hobbies and Interests
https://booking.biblioottawalibrary.ca/en/event/toddlertime-march-may-tout-petits-%C3%A0-la-biblio-mars-mai,Toddlertime (March - May),Wednesday,7-May-25,14-May-25,14:45,Orléans,1705 Orléans,East - Orleans,Bilingual,Toddler,Toddlertime
https://booking.biblioottawalibrary.ca/en/event/after-school-club,After School Club,Wednesday,7-May-25,28-May-25,15:30,Ruth E. Dickinson,100 Malvern,West - Barrhaven,English,Child,"Arts and Crafts, Film and Movie Showing, Games and Gaming, Hobbies and Interests, Kids, Science and Discovery, Writing and poetry"
https://booking.biblioottawalibrary.ca/en/event/crafternoon-brin-d%E2%80%99brico-0,Crafternoon,Wednesday,7-May-25,4-Jun-25,16:00,Sunnyside,1049 Bank,South - Alta Vista,Bilingual,"Child, Family, Preschool",Hobbies and Interests
https://booking.biblioottawalibrary.ca/en/event/chess-club-10,Chess Club,Wednesday,7-May-25,25-Jun-25,16:00,Main,120 Metcalfe,Central,English,Adult,Hobbies and Interests
https://booking.biblioottawalibrary.ca/en/event/cherry-blossom-bead-embroidery,Cherry blossom bead embroidery,Wednesday,7-May-25,7-May-25,18:00,Richmond,6240 Perth Street,West - Richmond,English,Adult,Arts and Crafts
https://booking.biblioottawalibrary.ca/en/event/hazeldean-art-club-series-anything-brush,Hazeldean Art Club Series - Anything but a Brush,Wednesday,7-May-25,7-May-25,18:00,Hazeldean,50 Castlefrank,West - Kanata,English,"Adult, Adults 50-plus",Arts and Crafts
https://booking.biblioottawalibrary.ca/en/event/social-crafting,Social Crafting,Wednesday,7-May-25,4-Jun-25,18:00,Manotick,5499 South River,West - Manotick,English,Adult,"Arts and Crafts, Hobbies and Interests"
https://booking.biblioottawalibrary.ca/en/event/greely-knit-crochet-fiber-craft,"Greely Knit , Crochet & Fiber Craft",Wednesday,7-May-25,31-Dec-25,18:00,Greely,1448 Meadow Drive,South - Greely,English,Adult,Arts and Crafts
https://booking.biblioottawalibrary.ca/en/event/bad-night-movies-breakin-2-electric-boogaloo,A (Bad) Night at the Movies: Breakin' 2: Electric Boogaloo,Wednesday,7-May-25,7-May-25,18:30,Main,120 Metcalfe,Central,English,Adult,Film and Movie Showing
https://booking.biblioottawalibrary.ca/en/event/family-storytime-contes-en-famille-234,Family Storytime,Wednesday,7-May-25,14-May-25,22:30,Elmvale Acres,1910 St-Laurent,South - Alta Vista,Bilingual,Family,Family storytime
https://booking.biblioottawalibrary.ca/en/event/family-storytime-thursdays-1,Family Storytime (Thursdays),Thursday,8-May-25,21-Aug-25,10:30,Ruth E. Dickinson,100 Malvern,West - Barrhaven,English,Family,Family storytime
https://booking.biblioottawalibrary.ca/en/event/bi-weekly-bilingual-family-storytime-contes-en-famille-bilingue-aux-deux-semaines,Bi-Weekly Bilingual Family Storytime,Thursday,8-May-25,19-Jun-25,11:00,Hunt Club Riverside Park Community Centre,3320 Paul Anka Dr,West - Nepean,Bilingual,Family,Storytime
https://booking.biblioottawalibrary.ca/en/event/great-yarn-club-manotick-0,The Great Yarn Club of Manotick,Thursday,8-May-25,18-Dec-25,11:00,Manotick,5499 South River,West - Manotick,English,"Adult, Adults 50-plus",Hobbies and Interests
https://booking.biblioottawalibrary.ca/en/event/babytime-285,Babytime,Thursday,8-May-25,21-Aug-25,11:15,Ruth E. Dickinson,100 Malvern,West - Barrhaven,English,Baby,Babytime
https://booking.biblioottawalibrary.ca/en/event/stay-play-10,Stay & Play,Thursday,8-May-25,21-Aug-25,11:45,Ruth E. Dickinson,100 Malvern,West - Barrhaven,English,Family,Kids
https://booking.biblioottawalibrary.ca/en/event/scrabble-1,Scrabble!,Thursday,8-May-25,23-Oct-25,13:00,Manotick,5499 South River,West - Manotick,English,"Adult, Adults 50-plus","Games and Gaming, Hobbies and Interests"
https://booking.biblioottawalibrary.ca/en/event/nepean-centerpointe-book-club,Nepean Centerpointe Book Club,Thursday,8-May-25,8-May-25,13:30,Nepean Centrepointe,101 Centrepointe,West - Nepean,English,"Adult, Adults 50-plus",Book Talks
https://booking.biblioottawalibrary.ca/en/event/armchair-travel-beautiful-british-columbia,Armchair Travel - Beautiful British Columbia,Thursday,8-May-25,8-May-25,18:00,Centennial,3870 Old Richmond,West - Nepean,English,"Adult, Adults 50-plus",Travel
https://booking.biblioottawalibrary.ca/en/event/mysterious-book-society-middle-grade-book-club-0,Mysterious Book Society: A Middle Grade Book Club,Thursday,8-May-25,12-Jun-25,18:30,Sunnyside,1049 Bank,South - Alta Vista,English,Child,Book Talks
https://booking.biblioottawalibrary.ca/en/event/rprb-rockcliffe-park-review-books,RPRB - Rockcliffe Park Review of Books,Thursday,8-May-25,8-May-25,18:30,Rockcliffe Park,380 Springfield,East - Vanier,English,Adult,Lectures and discussions
https://booking.biblioottawalibrary.ca/en/event/mothers-day-tea-party-pajama-storytime,Mother's Day: Tea Party & Pajama Storytime,Thursday,8-May-25,8-May-25,18:30,Ruth E. Dickinson,100 Malvern,West - Barrhaven,English,Child,Storytime
https://booking.biblioottawalibrary.ca/en/event/intro-3d-printing,Intro to 3D Printing,Thursday,8-May-25,8-May-25,19:00,Nepean Centrepointe,101 Centrepointe,West - Nepean,English,"Adult, Adults 50-plus, Teen","Computers and technology, Imagine Space, Makerspace and Making"
https://booking.biblioottawalibrary.ca/en/event/orl%C3%A9ans-book-chats,Orléans Book Chats,Thursday,8-May-25,12-Jun-25,19:00,Orléans,1705 Orléans,East - Orleans,English,Adult,Book Talks
https://booking.biblioottawalibrary.ca/en/event/sunnyside-2nd-friday-book-club-1,Sunnyside 2nd Friday Book Club,Friday,9-May-25,13-Jun-25,14:00,Sunnyside,1049 Bank,South - Alta Vista,English,"Adult, Adults 50-plus",Book Talks
https://booking.biblioottawalibrary.ca/en/event/death-caf%C3%A9-5,Death Café,Friday,9-May-25,9-May-25,14:00,Centennial,3870 Old Richmond,West - Nepean,English,"Adult, Adults 50-plus",Health and wellness
https://booking.biblioottawalibrary.ca/en/event/make-your-own-greeting-cards-faites-vos-cartes-de-voeux,Make your own greeting cards,Friday,9-May-25,9-May-25,14:30,Orléans,1705 Orléans,East - Orleans,Bilingual,Adult,Hobbies and Interests
https://booking.biblioottawalibrary.ca/en/event/teen-pride-social,Teen Pride Social,Friday,9-May-25,6-Jun-25,16:30,Nepean Centrepointe,101 Centrepointe,West - Nepean,English,Teen,2SLGBTQIA+
https://booking.biblioottawalibrary.ca/en/event/stem-session-session-stim,STEM Session,Friday,9-May-25,9-May-25,16:45,Greenboro,363 Lorry Greenberg,South - Alta Vista,Bilingual,Teen,Science and Discovery
https://booking.biblioottawalibrary.ca/en/event/groupe-de-conversation-en-fran%C3%A7ais-6,Groupe de conversation en français,Friday,9-May-25,29-Aug-25,17:00,Elmvale Acres,1910 St-Laurent,South - Alta Vista,Français,Adult,Language learning
https://booking.biblioottawalibrary.ca/en/event/teen-tween-crafternoon-apr%C3%A8s-midi-brico-ados,Teen & Tween Crafternoon | Après-midi brico-ados,Friday,9-May-25,9-May-25,17:00,Main,120 Metcalfe,Central,Bilingual,Teen,Arts and Crafts
https://booking.biblioottawalibrary.ca/en/event/spanish-english-storytime-hora-de-cuentos-biling%C3%BCe-en-espa%C3%B1ol-e-ingl%C3%A9s-10,Spanish-English Storytime,Saturday,10-May-25,10-May-25,10:30,Nepean Centrepointe,101 Centrepointe,West - Nepean,Bilingual,"Family, Preschool, Toddler",Family storytime
https://booking.biblioottawalibrary.ca/en/event/family-movie-matin%C3%A9e-0,Family Movie Matinée,Saturday,10-May-25,13-Dec-25,10:30,Elmvale Acres,1910 St-Laurent,South - Alta Vista,English,Family,Film and Movie Showing
https://booking.biblioottawalibrary.ca/en/event/family-storytime-saturdays-0,Family Storytime (Saturdays),Saturday,10-May-25,21-Jun-25,10:30,Ruth E. Dickinson,100 Malvern,West - Barrhaven,English,Family,Family storytime
https://booking.biblioottawalibrary.ca/en/event/scwg-presents-welcome-writing-after-draft,SCWG Presents: Welcome to Writing - After the Draft,Saturday,10-May-25,10-May-25,13:30,Stittsville,1637 Stittsville Main,West - Stittsville,English,"Adult, Adults 50-plus",Writing and poetry
https://booking.biblioottawalibrary.ca/en/event/dungeons-and-dragons-teens-trouble-dragonsbourne-part-vi,Dungeons and Dragons for Teens: Trouble in Dragonsbourne Part VI,Saturday,10-May-25,10-May-25,13:30,Carlingwood,281 Woodroffe,West - Nepean,English,Teen,Games and Gaming
https://booking.biblioottawalibrary.ca/en/event/zine-workshop-1,Zine Workshop,Saturday,10-May-25,10-May-25,14:00,Rideau,377 Rideau,Central,Bilingual,"Adult, Teen","Arts and Crafts, Hobbies and Interests, Writing and poetry"
https://booking.biblioottawalibrary.ca/en/event/e-sports-2,E-Sports,Saturday,10-May-25,14-Jun-25,14:00,Greenboro,363 Lorry Greenberg,South - Alta Vista,Bilingual,Teen,Games and Gaming
https://booking.biblioottawalibrary.ca/en/event/paint-me,Paint With Me,Saturday,10-May-25,10-May-25,14:00,Ruth E. Dickinson,100 Malvern,West - Barrhaven,English,"Adult, Child",Storytime
https://booking.biblioottawalibrary.ca/en/event/paint-me,Paint With Me,Saturday,10-May-25,10-May-25,14:00,Ruth E. Dickinson,100 Malvern,West - Barrhaven,English,"Adult, Child",Storytime
https://booking.biblioottawalibrary.ca/en/event/youth-chess-club-club-d%C3%A9checs-jeunesse,Youth Chess Club,Saturday,10-May-25,10-May-25,14:15,Sunnyside,1049 Bank,South - Alta Vista,Bilingual,"Child, Teen","Games and Gaming, Hobbies and Interests, Kids"
https://booking.biblioottawalibrary.ca/en/event/spring-craft-bricolage-de-printemps,Spring Craft - Bricolage de printemps,Saturday,10-May-25,10-May-25,14:30,Beaverbrook,2500 Campeau,West - Kanata,Bilingual,"Child, Family",Arts and Crafts
https://booking.biblioottawalibrary.ca/en/event/pull-string-painting-0,Pull String Painting,Saturday,10-May-25,10-May-25,14:30,Hazeldean,50 Castlefrank,West - Kanata,English,"Adult, Adults 50-plus",Arts and Crafts
https://booking.biblioottawalibrary.ca/en/event/adult-10-chess-club,Adult & 10+ Chess Club,Saturday,10-May-25,21-Jun-25,15:00,Alta Vista,2516 Alta Vista,South - Alta Vista,English,Adult,Games and Gaming
https://booking.biblioottawalibrary.ca/en/event/teen-knitting-crochet-and-fiber-arts-club-0,"Teen Knitting, Crochet, and Fiber Arts Club",Saturday,10-May-25,10-May-25,15:00,Cumberland,1599 Tenth Line,East - Orleans,English,Teen,Hobbies and Interests
https://booking.biblioottawalibrary.ca/en/event/miniature-gaming,Miniature Gaming,Sunday,11-May-25,8-Jun-25,11:00,Nepean Centrepointe,101 Centrepointe,West - Nepean,English,"Adult, Teen",Games and Gaming
https://booking.biblioottawalibrary.ca/en/event/memory-caf%C3%A9-4,Memory Café,Monday,12-May-25,12-May-25,13:00,Nepean Centrepointe,101 Centrepointe,West - Nepean,English,"Adult, Adults 50-plus",Health and wellness
https://booking.biblioottawalibrary.ca/en/event/osgoode-book-club-54,Osgoode Book Club,Monday,12-May-25,12-May-25,13:30,Osgoode,5630 Osgoode Main,South - Osgoode,English,Adult,Book Clubs
https://booking.biblioottawalibrary.ca/en/event/blackburn-hamlet-book-chat-12,Blackburn Hamlet Book Chat,Monday,12-May-25,12-May-25,14:00,Blackburn Hamlet,199 Glen Park,East - Orleans,English,Adult,Book Talks
https://booking.biblioottawalibrary.ca/en/event/stittsville-branch-afternoon-book-club,Stittsville Branch Afternoon Book Club,Monday,12-May-25,15-Dec-25,14:30,Stittsville,1637 Stittsville Main,West - Stittsville,English,"Adult, Adults 50-plus",Book Talks
https://booking.biblioottawalibrary.ca/en/event/retro-movie-afternoon-teens-hunger-games,Retro Movie Afternoon for Teens - Hunger Games,Monday,12-May-25,12-May-25,15:15,Beaverbrook,2500 Campeau,West - Kanata,English,Teen,Film and Movie Showing
https://booking.biblioottawalibrary.ca/en/event/english-reading-and-writing-help-adult-second-language-learners,English Reading and Writing Help (Adult Second Language Learners),Monday,12-May-25,23-Jun-25,16:45,Main,120 Metcalfe,Central,English,Adult,Language learning
https://booking.biblioottawalibrary.ca/en/event/monday-director-spotlight-lee-chang-dong-peppermint-candy,Monday Director Spotlight - Lee Chang-dong - Peppermint Candy,Monday,12-May-25,12-May-25,18:00,Main,120 Metcalfe,Central,English,Adult,Film and Movie Showing
https://booking.biblioottawalibrary.ca/en/event/discovering-canadas-north-%E2%80%8B,Discovering Canada's North! ​,Monday,12-May-25,12-May-25,18:00,Carlingwood,281 Woodroffe,West - Nepean,English,"Adult, Adults 50-plus",Travel
https://booking.biblioottawalibrary.ca/en/event/collage-club-1,Collage Club,Monday,12-May-25,28-Jul-25,18:00,Main,120 Metcalfe,Central,Bilingual,Adult,Hobbies and Interests
https://booking.biblioottawalibrary.ca/en/event/market-research-techniques-and-resources-9,Market Research Techniques and Resources,Monday,12-May-25,12-May-25,18:00,Nepean Centrepointe,101 Centrepointe,West - Nepean,English,Adult,Lectures and discussions
https://booking.biblioottawalibrary.ca/en/event/mystery-craft-night,Mystery Craft Night,Monday,12-May-25,12-May-25,18:00,Stittsville,1637 Stittsville Main,West - Stittsville,English,"Adult, Adults 50-plus","Arts and Crafts, Hobbies and Interests"
https://booking.biblioottawalibrary.ca/en/event/purls-wisdom,Purls of Wisdom,Monday,12-May-25,23-Jun-25,18:30,Beaverbrook,2500 Campeau,West - Kanata,English,"Adult, Adults 50-plus",Hobbies and Interests
https://booking.biblioottawalibrary.ca/en/event/online-resources-employment-skills-development-ressources-en-ligne-pour-le-d%C3%A9veloppement-des-1,Online Resources for Employment Skills Development | Ressources en ligne pour le développement des compétences professionnelles,Tuesday,13-May-25,24-Jun-25,9:00,Nepean Centrepointe,101 Centrepointe,West - Nepean,Bilingual,"Adult, Newcomers",Jobs and careers
https://booking.biblioottawalibrary.ca/en/event/family-storytime-690,Family Storytime,Tuesday,13-May-25,13-May-25,10:30,Osgoode,5630 Osgoode Main,South - Osgoode,English,Family,Family storytime
https://booking.biblioottawalibrary.ca/en/event/cover-cover-daybreak-discussion-1,Cover to Cover: Daybreak Discussion,Tuesday,13-May-25,13-May-25,11:00,Cumberland,1599 Tenth Line,East - Orleans,English,"Adult, Adults 50-plus",Book Clubs
https://booking.biblioottawalibrary.ca/en/event/craft-stick-bird-feeder,Craft Stick Bird Feeder,Tuesday,13-May-25,13-May-25,14:00,Nepean Centrepointe,101 Centrepointe,West - Nepean,English,"Adult, Adults 50-plus",Arts and Crafts
https://booking.biblioottawalibrary.ca/en/event/company-writers,In the Company of Writers,Tuesday,13-May-25,20-Oct-25,14:00,Main,120 Metcalfe,Central,English,Adult,Writing and poetry
https://booking.biblioottawalibrary.ca/en/event/adult-crafternoon-tissue-paper-heart-bookmarks-cards-0,Adult Crafternoon - Tissue Paper Heart Bookmarks & Cards,Tuesday,13-May-25,13-May-25,14:00,North Gower,6579 Fourth Line,West - North Gover,English,"Adult, Adults 50-plus","Arts and Crafts, Hobbies and Interests"
https://booking.biblioottawalibrary.ca/en/event/granny-squares-warmth-2024-2025,Granny Squares for Warmth 2024-2025,Tuesday,13-May-25,10-Jun-25,15:00,Ruth E. Dickinson,100 Malvern,West - Barrhaven,English,"Adult, Adults 50-plus",Hobbies and Interests
https://booking.biblioottawalibrary.ca/en/event/elmvale-writers-group,Elmvale Writers Group,Tuesday,13-May-25,17-Jun-25,17:00,Elmvale Acres,1910 St-Laurent,South - Alta Vista,English,"Adult, Teen",Writing and poetry
https://booking.biblioottawalibrary.ca/en/event/board-games-brain-teasers-1,Board Games & Brain Teasers,Tuesday,13-May-25,24-Jun-25,17:30,Centennial,3870 Old Richmond,West - Nepean,English,"Adult, Family, Teen",Games and Gaming
https://booking.biblioottawalibrary.ca/en/event/greely-garden-club-0,Greely Garden Club,Tuesday,13-May-25,14-Oct-25,18:00,Greely,1448 Meadow Drive,South - Greely,English,Adult,Home and garden
https://booking.biblioottawalibrary.ca/en/event/libby-101-your-library-your-pocket-0,Libby 101: Your Library in Your Pocket,Tuesday,13-May-25,13-May-25,18:00,Nepean Centrepointe,101 Centrepointe,West - Nepean,English,"Adult, Adults 50-plus",Computers and technology
https://booking.biblioottawalibrary.ca/en/event/homework-help-aide-aux-devoirs-33,Homework Help,Tuesday,13-May-25,24-Jun-25,18:00,Blackburn Hamlet,199 Glen Park,East - Orleans,Bilingual,Child,Homework and Reading Support
https://booking.biblioottawalibrary.ca/en/event/greely-garden-club-0,Greely Garden Club,Tuesday,13-May-25,14-Oct-25,18:00,Greely,1448 Meadow Drive,South - Greely,English,Adult,Home and garden
https://booking.biblioottawalibrary.ca/en/event/hazeldean-cookbook-book-club-2024-2025-season-0,Hazeldean Cookbook Book Club (2024-2025 Season),Tuesday,13-May-25,10-Jun-25,18:30,Hazeldean,50 Castlefrank,West - Kanata,English,"Adult, Adults 50-plus",Book Talks
https://booking.biblioottawalibrary.ca/en/event/club-de-lecture-23,Club de lecture,Tuesday,13-May-25,10-Jun-25,18:30,Nepean Centrepointe,101 Centrepointe,West - Nepean,Français,"Adult, Adults 50-plus",Book Talks
https://booking.biblioottawalibrary.ca/en/event/dickinson-reads-book-club-5,Dickinson Reads Book Club,Wednesday,14-May-25,11-Jun-25,10:00,Ruth E. Dickinson,100 Malvern,West - Barrhaven,English,"Adult, Adults 50-plus",Book Talks
https://booking.biblioottawalibrary.ca/en/event/memory-cafe-5,Memory Cafe,Wednesday,14-May-25,11-Jun-25,10:30,Vanier,310 Pères Blancs,East - Vanier,English,Adults 50-plus,Health and wellness
https://booking.biblioottawalibrary.ca/en/event/north-gower-nifty-knitters-1,North Gower Nifty Knitters,Wednesday,14-May-25,25-Jun-25,13:00,North Gower,6579 Fourth Line,West - North Gover,English,"Adult, Adults 50-plus",Hobbies and Interests
https://booking.biblioottawalibrary.ca/en/event/homeschool-happenings-mon-%C3%A9cole-maison-%C3%A0-la-biblio-6,Homeschool Happenings,Wednesday,14-May-25,14-May-25,13:30,Cumberland,1599 Tenth Line,East - Orleans,Bilingual,"Child, Family",Hobbies and Interests
https://booking.biblioottawalibrary.ca/en/event/book-chat-fayne,Book Chat - Fayne,Wednesday,14-May-25,14-May-25,13:30,Centennial,3870 Old Richmond,West - Nepean,English,Adult,Book Clubs
https://booking.biblioottawalibrary.ca/en/event/pre-planning-people-disabilities-parents-death-caf%C3%A9,Pre-planning for people with disabilities for parents (Death Café),Wednesday,14-May-25,14-May-25,14:00,North Gloucester,2036 Ogilvie,East - Vanier,English,"Adult, Adults 50-plus",Health and wellness
https://booking.biblioottawalibrary.ca/en/event/manotick-afternoon-book-club-2,Manotick Afternoon Book Club,Wednesday,14-May-25,10-Dec-25,15:00,Manotick,5499 South River,West - Manotick,English,"Adult, Adults 50-plus",Book Talks
https://booking.biblioottawalibrary.ca/en/event/kinder-conundrum,Kinder Conundrum,Wednesday,14-May-25,14-May-25,16:00,Ruth E. Dickinson,100 Malvern,West - Barrhaven,English,Teen,Games and Gaming
https://booking.biblioottawalibrary.ca/en/event/techno-buddies%E2%80%8B,Techno Buddies​,Wednesday,14-May-25,11-Jun-25,16:00,Elmvale Acres,1910 St-Laurent,South - Alta Vista,English,"Adult, Adults 50-plus",Computers and technology
https://booking.biblioottawalibrary.ca/en/event/actionadventure-wednesdays-monkey-man,Action,Wednesday,14-May-25,14-May-25,18:00,Main,120 Metcalfe,Central,English,Adult,Film and Movie Showing
https://booking.biblioottawalibrary.ca/en/event/rideau-morning-book-club,Rideau Morning Book Club,Thursday,15-May-25,15-May-25,10:15,Rideau,377 Rideau,Central,English,"Adult, Adults 50-plus",Book Talks
https://booking.biblioottawalibrary.ca/en/event/le-nouveau-chapitre-0,Le nouveau chapitre,Thursday,15-May-25,15-May-25,14:00,Cumberland,1599 Tenth Line,East - Orleans,Français,"Adult, Adults 50-plus",Book Clubs
https://booking.biblioottawalibrary.ca/en/event/writing-circle,Writing Circle,Thursday,15-May-25,19-Jun-25,15:00,Ruth E. Dickinson,100 Malvern,West - Barrhaven,English,"Adult, Adults 50-plus",Writing and poetry
https://booking.biblioottawalibrary.ca/en/event/pyjama-storytime-2,Pyjama Storytime,Thursday,15-May-25,15-May-25,18:00,Manotick,5499 South River,West - Manotick,English,"Child, Family, Preschool","Family storytime, Kids, Storytime"
https://booking.biblioottawalibrary.ca/en/event/crafting-story-book-club,Crafting A Story Book Club,Thursday,15-May-25,19-Jun-25,18:00,Ruth E. Dickinson,100 Malvern,West - Barrhaven,English,Child,"Arts and Crafts, Book Clubs"
https://booking.biblioottawalibrary.ca/en/event/sleuth-hounds-may-2025,Sleuth Hounds (May 2025),Thursday,15-May-25,15-May-25,18:30,Alta Vista,2516 Alta Vista,South - Alta Vista,English,Adult,Book Clubs
https://booking.biblioottawalibrary.ca/en/event/sleuth-hounds-may-2025,Sleuth Hounds (May 2025),Thursday,15-May-25,15-May-25,18:30,Alta Vista,2516 Alta Vista,South - Alta Vista,English,Adult,Book Clubs
https://booking.biblioottawalibrary.ca/en/event/club-de-lecture-rd-0,Club de lecture RD,Thursday,15-May-25,19-Jun-25,19:00,Ruth E. Dickinson,100 Malvern,West - Barrhaven,Français,Adult,Book Talks
https://booking.biblioottawalibrary.ca/en/event/science-fiction-fantasy-book-club-29,Science Fiction Fantasy Book Club,Thursday,15-May-25,19-Jun-25,19:00,Nepean Centrepointe,101 Centrepointe,West - Nepean,English,"Adult, Adults 50-plus",Book Clubs
https://booking.biblioottawalibrary.ca/en/event/sci-fi-fridays-beyond-infinite-two-minutes-dorosute-no-hate-de-bokura,Sci-Fi Fridays: Beyond the Infinite Two Minutes: Dorosute no hate de bokura,Friday,16-May-25,16-May-25,14:00,Cumberland,1599 Tenth Line,East - Orleans,English,"Adult, Adults 50-plus, Teen",Film and Movie Showing
https://booking.biblioottawalibrary.ca/en/event/adult-crafternoon-tissue-paper-heart-bookmarks-cards,Adult Crafternoon: Tissue Paper Heart Bookmarks & Cards,Friday,16-May-25,16-May-25,14:00,Manotick,5499 South River,West - Manotick,English,"Adult, Adults 50-plus","Arts and Crafts, Hobbies and Interests"
https://booking.biblioottawalibrary.ca/en/event/sunnyside-mystery-book-club-5,Sunnyside Mystery Book Club,Friday,16-May-25,20-Jun-25,14:00,Sunnyside,1049 Bank,South - Alta Vista,English,"Adult, Adults 50-plus",Book Talks
https://booking.biblioottawalibrary.ca/en/event/create-artist-1,Create Like an Artist,Friday,16-May-25,16-May-25,14:30,Hazeldean,50 Castlefrank,West - Kanata,English,"Adult, Adults 50-plus",Arts and Crafts
https://booking.biblioottawalibrary.ca/en/event/wii-u-game-h,Wii U Game On! H,Friday,16-May-25,16-May-25,16:00,Carlingwood,281 Woodroffe,West - Nepean,English,"Child, Family",Games and Gaming
https://booking.biblioottawalibrary.ca/en/event/plant-swap-2,Plant Swap,Saturday,17-May-25,17-May-25,10:00,Stittsville,1637 Stittsville Main,West - Stittsville,English,"Adult, Family","Hobbies and Interests, Home and garden"
https://booking.biblioottawalibrary.ca/en/event/animal-adventure,Animal Adventure,Saturday,17-May-25,17-May-25,10:30,Manotick,5499 South River,West - Manotick,English,"Child, Teen","Games and Gaming, Hobbies and Interests, Kids, Science and Discovery, Travel"
https://booking.biblioottawalibrary.ca/en/event/sensory-storytime-contes-sensoriels,Sensory Storytime | Contes Sensoriels,Saturday,17-May-25,7-Jun-25,10:30,Elmvale Acres,1910 St-Laurent,South - Alta Vista,Bilingual,Family,Family storytime
https://booking.biblioottawalibrary.ca/en/event/techno-buddies-j,Techno Buddies J,Saturday,17-May-25,17-May-25,11:00,Carlingwood,281 Woodroffe,West - Nepean,English,Adults 50-plus,Computers and technology
https://booking.biblioottawalibrary.ca/en/event/rubiks-cubes-bh-rubiks-cubes-%C3%A0-bh,Rubik's Cubes at BH,Saturday,17-May-25,17-May-25,11:00,Blackburn Hamlet,199 Glen Park,East - Orleans,Bilingual,"Child, Family, Teen","Games and Gaming, Hobbies and Interests"
https://booking.biblioottawalibrary.ca/en/event/sensory-storytime-7,Sensory Storytime,Saturday,17-May-25,21-Jun-25,14:00,Carlingwood,281 Woodroffe,West - Nepean,English,"Child, Family, Preschool",Family storytime
https://booking.biblioottawalibrary.ca/en/event/native-plant-gardening-ottawa-wildflower-seed-library,Native Plant Gardening with Ottawa Wildflower Seed Library,Saturday,17-May-25,17-May-25,14:00,Stittsville,1637 Stittsville Main,West - Stittsville,English,"Adult, Adults 50-plus",Home and garden
https://booking.biblioottawalibrary.ca/en/event/get-crafty-brico-en-f%C3%AAte-19,Get crafty!,Saturday,17-May-25,17-May-25,14:30,Cumberland,1599 Tenth Line,East - Orleans,Bilingual,Child,Arts and Crafts
https://booking.biblioottawalibrary.ca/en/event/game-123-au-jeu-9,"Game On! | 1,2,3... Au jeu!",Saturday,17-May-25,6-Dec-25,14:30,Elmvale Acres,1910 St-Laurent,South - Alta Vista,Bilingual,Child,Games and Gaming
https://booking.biblioottawalibrary.ca/en/event/crafternoon-bricofolie-20,Crafternoon | Bricofolie,Saturday,17-May-25,17-May-25,15:00,Blackburn Hamlet,199 Glen Park,East - Orleans,Bilingual,"Child, Family","Arts and Crafts, Hobbies and Interests, Social Connections"
https://booking.biblioottawalibrary.ca/en/event/monday-director-spotlight-lee-chang-dong-oasis,Monday Director Spotlight - Lee Chang-dong - Oasis,Monday,19-May-25,19-May-25,18:00,Main,120 Metcalfe,Central,English,Adult,Film and Movie Showing
https://booking.biblioottawalibrary.ca/en/event/north-gloucester-book-club-2,North Gloucester Book Club,Tuesday,20-May-25,16-Dec-25,11:00,North Gloucester,2036 Ogilvie,East - Vanier,English,"Adult, Adults 50-plus",Book Clubs
https://booking.biblioottawalibrary.ca/en/event/foodwise-session-3-food-preservation-techniques,FoodWise Session 3: Food Preservation Techniques,Tuesday,20-May-25,20-May-25,13:00,Greenboro,363 Lorry Greenberg,South - Alta Vista,English,"Adult, Newcomers, Teen",Food Literacy and Cooking
https://booking.biblioottawalibrary.ca/en/event/watercolour-connect-aquarelle-0,Watercolour Connect,Tuesday,20-May-25,17-Jun-25,14:00,Blackburn Hamlet,199 Glen Park,East - Orleans,Bilingual,"Adult, Adults 50-plus","Arts and Crafts, Hobbies and Interests"
https://booking.biblioottawalibrary.ca/en/event/how-take-better-vacation-photos-33,How to Take Better Vacation Photos,Tuesday,20-May-25,20-May-25,14:00,Ruth E. Dickinson,100 Malvern,West - Barrhaven,English,"Adult, Adults 50-plus",Hobbies and Interests
https://booking.biblioottawalibrary.ca/en/event/secret-chapter-0,The Secret Chapter,Tuesday,20-May-25,24-Jun-25,14:30,Cumberland,1599 Tenth Line,East - Orleans,English,"Adult, Adults 50-plus",Book Clubs
https://booking.biblioottawalibrary.ca/en/event/themed-movie-tuesdays-d%C3%ACdi,Themed Movie Tuesdays: Dìdi,Tuesday,20-May-25,20-May-25,18:00,Main,120 Metcalfe,Central,English,Adult,Film and Movie Showing
https://booking.biblioottawalibrary.ca/en/event/italian-movie-night-dante-alighieri-society-5,Italian Movie Night with The Dante Alighieri Society,Tuesday,20-May-25,20-May-25,18:00,Sunnyside,1049 Bank,South - Alta Vista,Bilingual,Adult,Film and Movie Showing
https://booking.biblioottawalibrary.ca/en/event/tween-game-night,Tween Game Night,Tuesday,20-May-25,20-May-25,18:30,Hazeldean,50 Castlefrank,West - Kanata,English,Child,Games and Gaming
https://booking.biblioottawalibrary.ca/en/event/centennial-plant-exchange-1,Centennial Plant Exchange,Wednesday,21-May-25,21-May-25,10:00,Centennial,3870 Old Richmond,West - Nepean,English,"Adult, Adults 50-plus, Family",Home and garden
https://booking.biblioottawalibrary.ca/en/event/exploring-online-genealogy-resources-0,Exploring Online Genealogy Resources,Wednesday,21-May-25,21-May-25,11:00,Nepean Centrepointe,101 Centrepointe,West - Nepean,English,"Adult, Adults 50-plus",History and Genealogy
https://booking.biblioottawalibrary.ca/en/event/infusions-litt%C3%A9raires-janvier-%C3%A0-juin-2025,Infusions Littéraires (janvier à juin 2025),Wednesday,21-May-25,18-Jun-25,14:00,Alta Vista,2516 Alta Vista,South - Alta Vista,Français,Adult,Book Clubs
https://booking.biblioottawalibrary.ca/en/event/romcom-wednesdays-mamma-mia-movie,RomCom Wednesdays - Mamma Mia! The Movie,Wednesday,21-May-25,21-May-25,18:00,Main,120 Metcalfe,Central,English,Adult,Film and Movie Showing
https://booking.biblioottawalibrary.ca/en/event/storytelling-open-mic,Storytelling Open Mic,Wednesday,21-May-25,18-Jun-25,19:00,Sunnyside,1049 Bank,South - Alta Vista,English,Adult,Hobbies and Interests
https://booking.biblioottawalibrary.ca/en/event/macro-photography-0,Macro Photography,Thursday,22-May-25,22-May-25,18:00,Rosemount,18 Rosemount,West - Nepean,English,"Adult, Adults 50-plus","Computers and technology, Hobbies and Interests, Lectures and discussions"
https://booking.biblioottawalibrary.ca/en/event/horror-film-club-lisa-frankenstein-2024,Horror Film Club: Lisa Frankenstein (2024),Thursday,22-May-25,22-May-25,18:30,Nepean Centrepointe,101 Centrepointe,West - Nepean,English,"Adult, Adults 50-plus",Film and Movie Showing
https://booking.biblioottawalibrary.ca/en/event/pajama-storytime,Pajama Storytime,Thursday,22-May-25,22-May-25,18:30,Ruth E. Dickinson,100 Malvern,West - Barrhaven,English,Child,Kids
https://booking.biblioottawalibrary.ca/en/event/slow-stitchers-and-handcrafters,Slow Stitchers and Handcrafters,Thursday,22-May-25,26-Jun-25,18:30,Ruth E. Dickinson,100 Malvern,West - Barrhaven,English,"Adult, Adults 50-plus",Arts and Crafts
https://booking.biblioottawalibrary.ca/en/event/beginner-inkscape-16,Beginner Inkscape,Thursday,22-May-25,22-May-25,18:30,Nepean Centrepointe,101 Centrepointe,West - Nepean,English,"Adult, Adults 50-plus, Teen","Computers and technology, Imagine Space, Makerspace and Making"
https://booking.biblioottawalibrary.ca/en/event/easy-relaxing-artart-relaxant,Easy Relaxing Art,Friday,23-May-25,23-May-25,10:00,Cumberland,1599 Tenth Line,East - Orleans,Bilingual,Adult,Arts and Crafts
https://booking.biblioottawalibrary.ca/en/event/quick-tips-how-use-free-ai-tools-your-daily-life-refine-web-searches-summarize-text-videos-0,"Quick Tips: How to use free AI tools in your daily life to refine web searches, summarize text & videos, create photos & songs, and more",Friday,23-May-25,23-May-25,14:00,Nepean Centrepointe,101 Centrepointe,West - Nepean,English,"Adult, Adults 50-plus","Computers and technology, Hobbies and Interests"
https://booking.biblioottawalibrary.ca/en/event/sensory-storytime-contes-sensoriels-0,Sensory Storytime,Friday,23-May-25,27-Jun-25,14:00,Greenboro,363 Lorry Greenberg,South - Alta Vista,Bilingual,Child,Kids
https://booking.biblioottawalibrary.ca/en/event/bike-rodeo-rod%C3%A9o-%C3%A0-v%C3%A9lo,Bike Rodeo | Rodéo à vélo,Saturday,24-May-25,24-May-25,10:00,Cumberland,1599 Tenth Line,East - Orleans,Bilingual,"Child, Family",Health and wellness
https://booking.biblioottawalibrary.ca/en/event/family-storytime-gillian-reid,Family Storytime with Gillian Reid,Saturday,24-May-25,24-May-25,10:30,Ruth E. Dickinson,100 Malvern,West - Barrhaven,English,Family,Family storytime
https://booking.biblioottawalibrary.ca/en/event/so-you-want-work-library,"So, You Want To Work in a Library?",Saturday,24-May-25,24-May-25,10:30,Ruth E. Dickinson,100 Malvern,West - Barrhaven,English,"Adult, Adults 50-plus, Teen",Jobs and careers
https://booking.biblioottawalibrary.ca/en/event/saturday-bilingual-family-storytime-heure-du-conte-en-famille-bilingue-du-samedi-1,Saturday Bilingual Family Storytime,Saturday,24-May-25,24-May-25,10:30,Rideau,377 Rideau,Central,Bilingual,"Family, Preschool, Toddler",Family storytime
https://booking.biblioottawalibrary.ca/en/event/welcome-your-library-more-just-books,Welcome to Your Library: More Than Just Books!,Saturday,24-May-25,24-May-25,14:00,Blackburn Hamlet,199 Glen Park,East - Orleans,English,"Adult, Adults 50-plus, Newcomers",Lectures and discussions
https://booking.biblioottawalibrary.ca/en/event/houseplant-swap-%C3%A9change-de-plantes-dint%C3%A9rieur,Houseplant Swap,Saturday,24-May-25,24-May-25,14:00,Rideau,377 Rideau,Central,Bilingual,"Adult, Adults 50-plus","Hobbies and Interests, Home and garden, Social Connections"
https://booking.biblioottawalibrary.ca/en/event/draw-davinci-2,Draw Like DaVinci,Saturday,24-May-25,21-Jun-25,14:00,Ruth E. Dickinson,100 Malvern,West - Barrhaven,English,Child,Arts and Crafts
https://booking.biblioottawalibrary.ca/en/event/plant-swap-2,Plant Swap,Sunday,18-May-25,18-May-25,10:00,Stittsville,1637 Stittsville Main,West - Stittsville,English,"Adult, Family","Hobbies and Interests, Home and garden"
